{"cameraMode":{"drawMode":0,"name":"Shaded","section":"Shading Mode"},"sceneLighting":true,"audioPlay":false,"sceneViewState":{"m_AlwaysRefresh":false,"showFog":true,"showSkybox":true,"showFlares":true,"showImageEffects":true,"showParticleSystems":true,"showVisualEffectGraphs":true,"m_FxEnabled":true},"in2DMode":false,"pivot":{"x":-0.8555973768234253,"y":-4.354808807373047,"z":-1.2024517059326172},"rotation":{"x":0.0850992426276207,"y":-0.0829973816871643,"z":0.007113664876669645,"w":0.9928871989250183},"size":5.5810723304748539,"orthographic":false}