{"cameraMode":{"drawMode":0,"name":"Shaded","section":"Shading Mode"},"sceneLighting":true,"audioPlay":false,"sceneViewState":{"m_AlwaysRefresh":false,"showFog":true,"showSkybox":true,"showFlares":true,"showImageEffects":true,"showParticleSystems":true,"showVisualEffectGraphs":true,"m_FxEnabled":true},"in2DMode":false,"pivot":{"x":-3.2337911128997804,"y":4.595378398895264,"z":-1.667049765586853},"rotation":{"x":-0.035860177129507068,"y":0.8203037977218628,"z":-0.051747631281614307,"w":-0.5684552192687988},"size":6.315430164337158,"orthographic":false}