{"cameraMode":{"drawMode":0,"name":"Shaded","section":"Shading Mode"},"sceneLighting":true,"audioPlay":false,"sceneViewState":{"m_AlwaysRefresh":false,"showFog":true,"showSkybox":true,"showFlares":true,"showImageEffects":true,"showParticleSystems":true,"showVisualEffectGraphs":true,"m_FxEnabled":true},"in2DMode":false,"pivot":{"x":-1.0605610609054566,"y":2.7940402030944826,"z":0.014993667602539063},"rotation":{"x":0.0850992426276207,"y":-0.0829973816871643,"z":0.007113664876669645,"w":0.9928871989250183},"size":8.830720901489258,"orthographic":false}